{"cameraMode":{"drawMode":0,"name":"Shaded","section":"Shading Mode"},"sceneLighting":false,"audioPlay":false,"sceneViewState":{"m_AlwaysRefresh":false,"showFog":true,"showSkybox":true,"showFlares":true,"showImageEffects":true,"showParticleSystems":true,"showVisualEffectGraphs":true,"m_FxEnabled":true},"in2DMode":false,"pivot":{"x":1.0317152738571168,"y":0.5767713785171509,"z":-1.2893412113189698},"rotation":{"x":-0.033226702362298968,"y":0.9575612545013428,"z":-0.12305555492639542,"w":-0.2585281729698181},"size":3.3073947429656984,"orthographic":true}